inventory_category_id,category_name,category_type,parent_category_name,parent_category_type,asset_tag,name,description,serial_number,status,quantity,unit,location,assigned_to_user_id,metadata,purchased_at,warranty_expires_at
,Nursing Equipment,asset,Nursing Inventory,asset_group,NURSING-EQUIPMENT-0001,padlock,Chao long,,available,10,pieces,,,"{""source_file"":""INVENTORY _ 26 EQUIPMENTS.docx"",""source_files"":[""INVENTORY _ 26 EQUIPMENTS.docx""],""raw_remarks"":[""new""],""original_quantity"":""10""}",2026-02-08,
,Nursing Equipment,asset,Nursing Inventory,asset_group,NURSING-EQUIPMENT-0002,Tunning fork,Tunning fork,,available,24,Pieces,,,"{""source_file"":""INVENTORY _ 26 EQUIPMENTS.docx"",""source_files"":[""INVENTORY _ 26 EQUIPMENTS.docx""],""raw_remarks"":[""New""],""original_quantity"":""24""}",2026-01-13,
,Nursing Equipment,asset,Nursing Inventory,asset_group,NURSING-EQUIPMENT-0003,Percussion hammer,Percussion hammer,,available,24,pieces,,,"{""source_file"":""INVENTORY _ 26 EQUIPMENTS.docx"",""source_files"":[""INVENTORY _ 26 EQUIPMENTS.docx""],""raw_remarks"":[""new""],""original_quantity"":""24""}",2026-01-13,
,Nursing Equipment,asset,Nursing Inventory,asset_group,NURSING-EQUIPMENT-0004,Steel glass cabinet,5 layered glass cabinet,,available,1,unit,VR suite,,"{""source_file"":""INVENTORY _ 26 EQUIPMENTS.docx"",""source_files"":[""INVENTORY _ 26 EQUIPMENTS.docx""],""raw_remarks"":[""new""],""original_quantity"":""1""}",2026-01-14,
,Nursing Equipment,asset,Nursing Inventory,asset_group,NURSING-EQUIPMENT-0005,Reflex hammer,Reflex hammer,,available,24,Pcs,CSSD,,"{""source_file"":""INVENTORY _ 26 EQUIPMENTS.docx"",""source_files"":[""INVENTORY _ 26 EQUIPMENTS.docx""],""raw_remarks"":[""new""],""original_quantity"":""24""}",2026-01-13,
,Nursing Equipment,asset,Nursing Inventory,asset_group,NURSING-EQUIPMENT-0006,Tunning fork,With bell,,available,24,pcs,CSSD,,"{""source_file"":""INVENTORY _ 26 EQUIPMENTS.docx"",""source_files"":[""INVENTORY _ 26 EQUIPMENTS.docx""],""raw_remarks"":[""New""],""original_quantity"":""24""}",2026-01-13,
,Nursing Equipment,asset,Nursing Inventory,asset_group,NURSING-EQUIPMENT-0007,Baby’s weighing scale digital,digital,,available,1,unit,ICU suite,,"{""source_file"":""INVENTORY _ 26 EQUIPMENTS.docx"",""source_files"":[""INVENTORY _ 26 EQUIPMENTS.docx""],""raw_remarks"":[""new""],""original_quantity"":""1""}",2025-12-02,
,Nursing Equipment,asset,Nursing Inventory,asset_group,NURSING-EQUIPMENT-0008,Baby’s weighing scale manual,manual,M34320-0402,available,1,unit,ICU suite,,"{""source_file"":""INVENTORY _ 26 EQUIPMENTS.docx"",""source_files"":[""INVENTORY _ 26 EQUIPMENTS.docx""],""raw_remarks"":[""new""],""original_quantity"":""1""}",2025-12-02,
,Nursing Equipment,asset,Nursing Inventory,asset_group,NURSING-EQUIPMENT-0009,Standing weighing scale,manual,,available,1,unit,ICU suite,,"{""source_file"":""INVENTORY _ 26 EQUIPMENTS.docx"",""source_files"":[""INVENTORY _ 26 EQUIPMENTS.docx""],""raw_remarks"":[""new""],""original_quantity"":""1""}",2025-12-02,
,Nursing Equipment,asset,Nursing Inventory,asset_group,NURSING-EQUIPMENT-0010,Baby bath/stainless trolley,stainless,,available,2,units,ICU suite,,"{""source_file"":""INVENTORY _ 26 EQUIPMENTS.docx"",""source_files"":[""INVENTORY _ 26 EQUIPMENTS.docx""],""raw_remarks"":[""new""],""original_quantity"":""2""}",2025-12-02,
,Nursing Equipment,asset,Nursing Inventory,asset_group,NURSING-EQUIPMENT-0011,Stainless medical trolley,stainless,,available,5,units,ICU suite,,"{""source_file"":""INVENTORY _ 26 EQUIPMENTS.docx"",""source_files"":[""INVENTORY _ 26 EQUIPMENTS.docx""],""raw_remarks"":[""new""],""original_quantity"":""5""}",2025-12-02,
,Nursing Equipment,asset,Nursing Inventory,asset_group,NURSING-EQUIPMENT-0012,Stainless medical trolley w/ bowl,stainless,,available,4,units,ICU suite,,"{""source_file"":""INVENTORY _ 26 EQUIPMENTS.docx"",""source_files"":[""INVENTORY _ 26 EQUIPMENTS.docx""],""raw_remarks"":[""new""],""original_quantity"":""4""}",2025-12-02,
,Nursing Equipment,asset,Nursing Inventory,asset_group,NURSING-EQUIPMENT-0013,Stainless trolley,stainless,,available,3,units,ICU suite,,"{""source_file"":""INVENTORY _ 26 EQUIPMENTS.docx"",""source_files"":[""INVENTORY _ 26 EQUIPMENTS.docx""],""raw_remarks"":[""new""],""original_quantity"":""3""}",2025-12-02,
,Nursing Equipment,asset,Nursing Inventory,asset_group,NURSING-EQUIPMENT-0014,SOCOMEC UPS 650 VA,SOCOMEC UPS 650 VA,8027122636742,available,1,UNIT,CSSD,,"{""source_file"":""INVENTORY _ 26 EQUIPMENTS.docx"",""source_files"":[""INVENTORY _ 26 EQUIPMENTS.docx""],""raw_remarks"":[""New""],""original_quantity"":""1""}",2025-10-25,
,Nursing Equipment,asset,Nursing Inventory,asset_group,NURSING-EQUIPMENT-0015,Bassinet,Bassinet,,available,4,Unit,Neonatal Intensive suite,,"{""source_file"":""INVENTORY _ 26 EQUIPMENTS.docx"",""source_files"":[""INVENTORY _ 26 EQUIPMENTS.docx""],""raw_remarks"":[""New""],""original_quantity"":""4""}",2025-10-22,
,Nursing Equipment,asset,Nursing Inventory,asset_group,NURSING-EQUIPMENT-0016,B/P Apparatus with stand,manual,,available,3,unit,Triage/ER/ICU,,"{""source_file"":""INVENTORY _ 26 EQUIPMENTS.docx"",""source_files"":[""INVENTORY _ 26 EQUIPMENTS.docx""],""raw_remarks"":[""New""],""original_quantity"":""3""}",2025-10-22,
,Nursing Equipment,asset,Nursing Inventory,asset_group,NURSING-EQUIPMENT-0017,Crash cart,Blue/red,,available,1,unit,ER,,"{""source_file"":""INVENTORY _ 26 EQUIPMENTS.docx"",""source_files"":[""INVENTORY _ 26 EQUIPMENTS.docx""],""raw_remarks"":[""New""],""original_quantity"":""1""}",2025-10-22,
,Nursing Equipment,asset,Nursing Inventory,asset_group,NURSING-EQUIPMENT-0018,Labor and delivery bed,Pink foam,,available,2,unit,Maternity Suite,,"{""source_file"":""INVENTORY _ 26 EQUIPMENTS.docx"",""source_files"":[""INVENTORY _ 26 EQUIPMENTS.docx""],""raw_remarks"":[""new""],""original_quantity"":""2""}",2025-10-22,
,Nursing Equipment,asset,Nursing Inventory,asset_group,NURSING-EQUIPMENT-0019,Portable speaker,With 2 mic,,available,1,unit,CSSD,,"{""source_file"":""INVENTORY _ 26 EQUIPMENTS.docx"",""source_files"":[""INVENTORY _ 26 EQUIPMENTS.docx""],""raw_remarks"":[""New""],""original_quantity"":""1""}",2025-10-22,
,Nursing Equipment,asset,Nursing Inventory,asset_group,NURSING-EQUIPMENT-0020,Virtual Reality,Meta Quest 3S,340YB02G9S01ZV,available,1,unit,VR suite,,"{""source_file"":""INVENTORY _ 26 EQUIPMENTS.docx"",""source_files"":[""INVENTORY _ 26 EQUIPMENTS.docx""],""raw_remarks"":[""New""],""original_quantity"":""10""}",2025-10-22,
,Nursing Equipment,asset,Nursing Inventory,asset_group,NURSING-EQUIPMENT-0021,Bedside table,Cream wooden,,available,10,unit,ER/ICU/Neo/Maternity suite,,"{""source_file"":""INVENTORY _ 26 EQUIPMENTS.docx"",""source_files"":[""INVENTORY _ 26 EQUIPMENTS.docx""],""raw_remarks"":[""new""],""original_quantity"":""10""}",2025-10-17,
,Nursing Equipment,asset,Nursing Inventory,asset_group,NURSING-EQUIPMENT-0022,Computer /ACER/Intel Core 5,White/ACER,DQBM4SPOO15350213B3000,available,1,unit,CSSD,,"{""source_file"":""INVENTORY _ 26 EQUIPMENTS.docx"",""source_files"":[""INVENTORY _ 26 EQUIPMENTS.docx""],""raw_remarks"":[""new""],""original_quantity"":""1""}",2025-10-17,
,Nursing Equipment,asset,Nursing Inventory,asset_group,NURSING-EQUIPMENT-0023,Bedside cabinet,Blue/red,,available,10,unit,ER/ICU/Surgical/Post suite,,"{""source_file"":""INVENTORY _ 26 EQUIPMENTS.docx"",""source_files"":[""INVENTORY _ 26 EQUIPMENTS.docx""],""raw_remarks"":[""new""],""original_quantity"":""10""}",2025-10-10,
,Nursing Equipment,asset,Nursing Inventory,asset_group,NURSING-EQUIPMENT-0024,Commode chair,Commode chair,,available,1,unit,Surgical suite,,"{""source_file"":""INVENTORY _ 26 EQUIPMENTS.docx"",""source_files"":[""INVENTORY _ 26 EQUIPMENTS.docx""],""raw_remarks"":[""new""],""original_quantity"":""1""}",2025-10-10,
,Nursing Equipment,asset,Nursing Inventory,asset_group,NURSING-EQUIPMENT-0025,Electrical bed,electrical,,available,3,unit,ICU suite,,"{""source_file"":""INVENTORY _ 26 EQUIPMENTS.docx"",""source_files"":[""INVENTORY _ 26 EQUIPMENTS.docx""],""raw_remarks"":[""new""],""original_quantity"":""3""}",2025-10-10,
,Nursing Equipment,asset,Nursing Inventory,asset_group,NURSING-EQUIPMENT-0026,Transfer trolley bed,blue,,available,3,unit,ER suite,,"{""source_file"":""INVENTORY _ 26 EQUIPMENTS.docx"",""source_files"":[""INVENTORY _ 26 EQUIPMENTS.docx""],""raw_remarks"":[""new""],""original_quantity"":""3""}",2025-10-10,
,Nursing Equipment,asset,Nursing Inventory,asset_group,NURSING-EQUIPMENT-0027,Heavy duty paper shredder,gray,,available,1,Unit,CSSD,,"{""source_file"":""INVENTORY _ 26 EQUIPMENTS.docx"",""source_files"":[""INVENTORY _ 26 EQUIPMENTS.docx""],""raw_remarks"":[""new""],""original_quantity"":""1""}",2025-10-06,
,Nursing Equipment,asset,Nursing Inventory,asset_group,NURSING-EQUIPMENT-0028,Hot and cold water dispenser,Fujidenzo,,available,1,unit,CSSD,,"{""source_file"":""INVENTORY _ 26 EQUIPMENTS.docx"",""source_files"":[""INVENTORY _ 26 EQUIPMENTS.docx""],""raw_remarks"":[""new""],""original_quantity"":""1""}",2025-09-29,
,Nursing Equipment,asset,Nursing Inventory,asset_group,NURSING-EQUIPMENT-0029,Refrigerator 2 door (FUJIDENZO),Hisence,,available,1,Unit,CSSD,,"{""source_file"":""INVENTORY _ 26 EQUIPMENTS.docx"",""source_files"":[""INVENTORY _ 26 EQUIPMENTS.docx""],""raw_remarks"":[""new""],""original_quantity"":""1""}",2025-09-29,
,Nursing Equipment,asset,Nursing Inventory,asset_group,NURSING-EQUIPMENT-0030,Sharp bin,yellow,,available,24,each,,,"{""source_file"":""INVENTORY _ 26 EQUIPMENTS.docx"",""source_files"":[""INVENTORY _ 26 EQUIPMENTS.docx""],""raw_remarks"":[""new""],""original_quantity"":""24""}",2025-09-23,
,Nursing Manikins,asset,Nursing Inventory,asset_group,NURSING-MANIKINS-0001,Male/female catheter,manekin,,available,1,Set,ICU suite,,"{""source_file"":""INVENTORY _ 26 EQUIPMENTS.docx"",""source_files"":[""INVENTORY _ 26 EQUIPMENTS.docx""],""raw_remarks"":[""new""],""original_quantity"":""1""}",2025-07-24,
,Nursing Equipment,asset,Nursing Inventory,asset_group,NURSING-EQUIPMENT-0031,Automatic External Defibrillator/AED,surrmed,DM2503002C,available,1,unit,ER,,"{""source_file"":""INVENTORY _ 26 EQUIPMENTS.docx"",""source_files"":[""INVENTORY _ 26 EQUIPMENTS.docx""],""raw_remarks"":[""In good condition""],""original_quantity"":""2""}",2025-04-27,
,Nursing Equipment,asset,Nursing Inventory,asset_group,NURSING-EQUIPMENT-0032,surrmed,surrmed,DM 2503001C,available,1,unit,ICU,,"{""source_file"":""INVENTORY _ 26 EQUIPMENTS.docx"",""source_files"":[""INVENTORY _ 26 EQUIPMENTS.docx""]}",,
,Nursing Equipment,asset,Nursing Inventory,asset_group,NURSING-EQUIPMENT-0033,Steel cabinet Hermaco,Hermaco,,available,1,unit,SNAHS office,,"{""source_file"":""INVENTORY _ 26 EQUIPMENTS.docx"",""source_files"":[""INVENTORY _ 26 EQUIPMENTS.docx""],""raw_remarks"":[""new""],""original_quantity"":""1""}",2025-04-01,
,Nursing Equipment,asset,Nursing Inventory,asset_group,NURSING-EQUIPMENT-0034,Hermaco,Hermaco,,available,2,units,CSSD,,"{""source_file"":""INVENTORY _ 26 EQUIPMENTS.docx"",""source_files"":[""INVENTORY _ 26 EQUIPMENTS.docx""],""original_quantity"":""2""}",,
,Nursing Equipment,asset,Nursing Inventory,asset_group,NURSING-EQUIPMENT-0035,Wooden divider,Dark brown,,available,12,set,,,"{""source_file"":""INVENTORY _ 26 EQUIPMENTS.docx"",""source_files"":[""INVENTORY _ 26 EQUIPMENTS.docx""],""raw_remarks"":[""new""],""original_quantity"":""12""}",2025-04-24,
,Nursing Equipment,asset,Nursing Inventory,asset_group,NURSING-EQUIPMENT-0036,Printer( Epson L3210),epson,,available,1,Unit,,,"{""source_file"":""INVENTORY _ 26 EQUIPMENTS.docx"",""source_files"":[""INVENTORY _ 26 EQUIPMENTS.docx""],""original_quantity"":""1""}",2024-10-26,
,Nursing Equipment,asset,Nursing Inventory,asset_group,NURSING-EQUIPMENT-0037,Intravenous Infusion Pump( Surrmed ),MED,XA20B2D06AAB09,available,1,unit,GS 401,,"{""source_file"":""INVENTORY _ 26 EQUIPMENTS.docx"",""source_files"":[""INVENTORY _ 26 EQUIPMENTS.docx""],""raw_remarks"":[""Functioning/ In good condition""],""original_quantity"":""10""}",,
,Nursing Equipment,asset,Nursing Inventory,asset_group,NURSING-EQUIPMENT-0038,C rutches,lightweight,,available,12,pairs,,,"{""source_file"":""INVENTORY _ 26 EQUIPMENTS.docx"",""source_files"":[""INVENTORY _ 26 EQUIPMENTS.docx""],""raw_remarks"":[""In good condition""],""original_quantity"":""12""}",2024-09-04,
,Nursing Equipment,asset,Nursing Inventory,asset_group,NURSING-EQUIPMENT-0039,Baby bath tub,plastic,,available,19,units,,,"{""source_file"":""INVENTORY _ 26 EQUIPMENTS.docx"",""source_files"":[""INVENTORY _ 26 EQUIPMENTS.docx""],""raw_remarks"":[""In good condit i on""],""original_quantity"":""19""}",2024-09-04,
,Nursing Equipment,asset,Nursing Inventory,asset_group,NURSING-EQUIPMENT-0040,Glucometer machine,Onetouch.Advan,,available,8,units,,,"{""source_file"":""INVENTORY _ 26 EQUIPMENTS.docx"",""source_files"":[""INVENTORY _ 26 EQUIPMENTS.docx""],""original_quantity"":""8""}",2024-09-04,
,Nursing Equipment,asset,Nursing Inventory,asset_group,NURSING-EQUIPMENT-0041,IV stand,IV stand,,available,15,units,"GS 401,402,407, SNAHS ER/ICU suite",,"{""source_file"":""INVENTORY _ 26 EQUIPMENTS.docx"",""source_files"":[""INVENTORY _ 26 EQUIPMENTS.docx""],""original_quantity"":""15""}",2024-06-25,
,Nursing Equipment,asset,Nursing Inventory,asset_group,NURSING-EQUIPMENT-0042,Glucostrips 25's,"Onetouch , Advan",,available,9,bottles,,,"{""source_file"":""INVENTORY _ 26 EQUIPMENTS.docx"",""source_files"":[""INVENTORY _ 26 EQUIPMENTS.docx""],""original_quantity"":""9""}",2024-09-04,
,Nursing Equipment,asset,Nursing Inventory,asset_group,NURSING-EQUIPMENT-0043,Orthopedic wheelchair,Orthopedic wheelchair,,maintenance,1,unit,,,"{""source_file"":""INVENTORY _ 26 EQUIPMENTS.docx"",""source_files"":[""INVENTORY _ 26 EQUIPMENTS.docx""],""raw_remarks"":[""old""]}",2024-09-04,
,Nursing Equipment,asset,Nursing Inventory,asset_group,NURSING-EQUIPMENT-0044,ECG machine,CONTEC,23110200007,available,1,unit,CSSD,,"{""source_file"":""INVENTORY _ 26 EQUIPMENTS.docx"",""source_files"":[""INVENTORY _ 26 EQUIPMENTS.docx""],""raw_remarks"":[""Functioning""],""original_quantity"":""2""}",,
,Nursing Equipment,asset,Nursing Inventory,asset_group,NURSING-EQUIPMENT-0045,Computer monitor,Black/,For computer operations,maintenance,1,unit,GS building 401,,"{""source_file"":""INVENTORY _ 26 EQUIPMENTS.docx"",""source_files"":[""INVENTORY _ 26 EQUIPMENTS.docx""],""raw_remarks"":[""Old /Functioning""],""original_quantity"":""2""}",,
,Nursing Equipment,asset,Nursing Inventory,asset_group,NURSING-EQUIPMENT-0046,CPU Unit,CPU Unit,,maintenance,2,units,GS building 401,,"{""source_file"":""INVENTORY _ 26 EQUIPMENTS.docx"",""source_files"":[""INVENTORY _ 26 EQUIPMENTS.docx""],""raw_remarks"":[""Old /Functioning""],""original_quantity"":""2""}",,
,Nursing Equipment,asset,Nursing Inventory,asset_group,NURSING-EQUIPMENT-0047,Extension wire,Extension wire,Electrical extension for equipment,available,1,unit,,,"{""source_file"":""INVENTORY _ 26 EQUIPMENTS.docx"",""source_files"":[""INVENTORY _ 26 EQUIPMENTS.docx""],""original_quantity"":""8""}",,
,Nursing Equipment,asset,Nursing Inventory,asset_group,NURSING-EQUIPMENT-0048,Fetal Doppler,TOPCARE,7034E110233100100282,available,1,unit,CSSD,,"{""source_file"":""INVENTORY _ 26 EQUIPMENTS.docx"",""source_files"":[""INVENTORY _ 26 EQUIPMENTS.docx""],""raw_remarks"":[""Functioning""],""original_quantity"":""3""}",,
,Nursing Equipment,asset,Nursing Inventory,asset_group,NURSING-EQUIPMENT-0049,Fogging machine,Fogging machine,,maintenance,1,unit,CSSD,,"{""source_file"":""INVENTORY _ 26 EQUIPMENTS.docx"",""source_files"":[""INVENTORY _ 26 EQUIPMENTS.docx""],""raw_remarks"":[""old""],""original_quantity"":""1""}",,
,Nursing Equipment,asset,Nursing Inventory,asset_group,NURSING-EQUIPMENT-0050,Forcepts : Adison forcep,Metal,,available,1,unit,CSSD,,"{""source_file"":""INVENTORY _ 26 EQUIPMENTS.docx"",""source_files"":[""INVENTORY _ 26 EQUIPMENTS.docx""],""raw_remarks"":[""In stock""]}",,
,Nursing Equipment,asset,Nursing Inventory,asset_group,NURSING-EQUIPMENT-0051,Backhose towel clamp,Backhose towel clamp,,available,6,Pcs.,,,"{""source_file"":""INVENTORY _ 26 EQUIPMENTS.docx"",""source_files"":[""INVENTORY _ 26 EQUIPMENTS.docx""],""original_quantity"":""6""}",,
,Nursing Equipment,asset,Nursing Inventory,asset_group,NURSING-EQUIPMENT-0052,Korcher clamp/ forcep,Metal,,available,1,unit,,,"{""source_file"":""INVENTORY _ 26 EQUIPMENTS.docx"",""source_files"":[""INVENTORY _ 26 EQUIPMENTS.docx""],""original_quantity"":""1""}",,
,Nursing Equipment,asset,Nursing Inventory,asset_group,NURSING-EQUIPMENT-0053,Bobcock clamp forcep,Bobcock clamp forcep,,available,11,Pcs.,,,"{""source_file"":""INVENTORY _ 26 EQUIPMENTS.docx"",""source_files"":[""INVENTORY _ 26 EQUIPMENTS.docx""],""original_quantity"":""11""}",,
,Nursing Equipment,asset,Nursing Inventory,asset_group,NURSING-EQUIPMENT-0054,Allice tissue forcep,Allice tissue forcep,,available,5,Pcs.,,,"{""source_file"":""INVENTORY _ 26 EQUIPMENTS.docx"",""source_files"":[""INVENTORY _ 26 EQUIPMENTS.docx""],""original_quantity"":""5""}",,
,Nursing Equipment,asset,Nursing Inventory,asset_group,NURSING-EQUIPMENT-0055,Straight artery forcep,Straight artery forcep,,available,37,Pcs.,,,"{""source_file"":""INVENTORY _ 26 EQUIPMENTS.docx"",""source_files"":[""INVENTORY _ 26 EQUIPMENTS.docx""],""original_quantity"":""37""}",,
,Nursing Equipment,asset,Nursing Inventory,asset_group,NURSING-EQUIPMENT-0056,Curved artery forcep,Curved artery forcep,,available,8,Pcs.,,,"{""source_file"":""INVENTORY _ 26 EQUIPMENTS.docx"",""source_files"":[""INVENTORY _ 26 EQUIPMENTS.docx""],""original_quantity"":""8 6""}",,
,Nursing Equipment,asset,Nursing Inventory,asset_group,NURSING-EQUIPMENT-0057,Ovum forcep,Ovum forcep,,available,4,Pcs.,,,"{""source_file"":""INVENTORY _ 26 EQUIPMENTS.docx"",""source_files"":[""INVENTORY _ 26 EQUIPMENTS.docx""],""original_quantity"":""4""}",,
,Nursing Equipment,asset,Nursing Inventory,asset_group,NURSING-EQUIPMENT-0058,LCD TV,LCD TV,106INZY2E197,available,1,unit,GS 407,,"{""source_file"":""INVENTORY _ 26 EQUIPMENTS.docx"",""source_files"":[""INVENTORY _ 26 EQUIPMENTS.docx""],""raw_remarks"":[""Requested for J.O.-to check if it’s still working""],""original_quantity"":""4""}",,
,Nursing Equipment,asset,Nursing Inventory,asset_group,NURSING-EQUIPMENT-0059,Medicine tray (plastic),plastic,For medicine prep,available,1,Pcs.,,,"{""source_file"":""INVENTORY _ 26 EQUIPMENTS.docx"",""source_files"":[""INVENTORY _ 26 EQUIPMENTS.docx""],""raw_remarks"":[""In good condition""],""original_quantity"":""46""}",,
,Nursing Equipment,asset,Nursing Inventory,asset_group,NURSING-EQUIPMENT-0060,Mouse,Black with cord,For computer use,available,1,unit,,,"{""source_file"":""INVENTORY _ 26 EQUIPMENTS.docx"",""source_files"":[""INVENTORY _ 26 EQUIPMENTS.docx""],""raw_remarks"":[""Not functioning""],""original_quantity"":""1""}",,
,Nursing Equipment,asset,Nursing Inventory,asset_group,NURSING-EQUIPMENT-0061,Nebulizer machine,Wireless/white,00041838,available,1,unit,CSSD,,"{""source_file"":""INVENTORY _ 26 EQUIPMENTS.docx"",""source_files"":[""INVENTORY _ 26 EQUIPMENTS.docx""],""raw_remarks"":[""functioning""],""original_quantity"":""11""}",,
,Nursing Equipment,asset,Nursing Inventory,asset_group,NURSING-EQUIPMENT-0062,OMRON MICELFLUSS F400,OMRON MICELFLUSS F400,00041837,available,1,unit,,,"{""source_file"":""INVENTORY _ 26 EQUIPMENTS.docx"",""source_files"":[""INVENTORY _ 26 EQUIPMENTS.docx""]}",,
,Nursing Equipment,asset,Nursing Inventory,asset_group,NURSING-EQUIPMENT-0063,Suction machine,portable TMS,M 190711828,available,1,unit,GS 401,,"{""source_file"":""INVENTORY _ 26 EQUIPMENTS.docx"",""source_files"":[""INVENTORY _ 26 EQUIPMENTS.docx""],""raw_remarks"":[""Functioning""],""original_quantity"":""5""}",,
,Nursing Equipment,asset,Nursing Inventory,asset_group,NURSING-EQUIPMENT-0064,Stylet for intubation,Stylet for intubation,,available,1,unit,,,"{""source_file"":""INVENTORY _ 26 EQUIPMENTS.docx"",""source_files"":[""INVENTORY _ 26 EQUIPMENTS.docx""]}",2024-06-25,
,Nursing Equipment,asset,Nursing Inventory,asset_group,NURSING-EQUIPMENT-0065,Urinal s,plastic,,available,42,units,,,"{""source_file"":""INVENTORY _ 26 EQUIPMENTS.docx"",""source_files"":[""INVENTORY _ 26 EQUIPMENTS.docx""],""raw_remarks"":[""In good condition""],""original_quantity"":""42""}",2023-11-18,
,Nursing Equipment,asset,Nursing Inventory,asset_group,NURSING-EQUIPMENT-0066,Projector,Projector,,available,4,each,,,"{""source_file"":""INVENTORY _ 26 EQUIPMENTS.docx"",""source_files"":[""INVENTORY _ 26 EQUIPMENTS.docx""],""raw_remarks"":[""Functioning""],""original_quantity"":""4""}",,
,Nursing Equipment,asset,Nursing Inventory,asset_group,NURSING-EQUIPMENT-0067,Bed pan,Plastic blue/green,,available,42,each,,,"{""source_file"":""INVENTORY _ 26 EQUIPMENTS.docx"",""source_files"":[""INVENTORY _ 26 EQUIPMENTS.docx""],""raw_remarks"":[""In good condition""],""original_quantity"":""42""}",2023-11-18,
,Nursing Equipment,asset,Nursing Inventory,asset_group,NURSING-EQUIPMENT-0068,Tuning Fork,Metal,,available,15,units,"GS 401, CSSD",,"{""source_file"":""INVENTORY _ 26 EQUIPMENTS.docx"",""source_files"":[""INVENTORY _ 26 EQUIPMENTS.docx""],""raw_remarks"":[""In good condition""],""original_quantity"":""15""}",,
,Nursing Equipment,asset,Nursing Inventory,asset_group,NURSING-EQUIPMENT-0069,Emergency box cabinet,"Plastic, white/cream",,available,10,units,"ICU, NICS",,"{""source_file"":""INVENTORY _ 26 EQUIPMENTS.docx"",""source_files"":[""INVENTORY _ 26 EQUIPMENTS.docx""],""raw_remarks"":[""In good condition""],""original_quantity"":""10""}",2023-11-30,
,Nursing Equipment,asset,Nursing Inventory,asset_group,NURSING-EQUIPMENT-0070,Surgical scissor :,metal,,available,1,unit,CSSD,,"{""source_file"":""INVENTORY _ 26 EQUIPMENTS.docx"",""source_files"":[""INVENTORY _ 26 EQUIPMENTS.docx""],""raw_remarks"":[""In good condition""]}",,
,Nursing Equipment,asset,Nursing Inventory,asset_group,NURSING-EQUIPMENT-0071,Dressing scissor,Dressing scissor,,available,5,Pcs,,,"{""source_file"":""INVENTORY _ 26 EQUIPMENTS.docx"",""source_files"":[""INVENTORY _ 26 EQUIPMENTS.docx""],""original_quantity"":""5""}",,
,Nursing Equipment,asset,Nursing Inventory,asset_group,NURSING-EQUIPMENT-0072,Bandage scissor,Bandage scissor,,available,6,Pcs,,,"{""source_file"":""INVENTORY _ 26 EQUIPMENTS.docx"",""source_files"":[""INVENTORY _ 26 EQUIPMENTS.docx""],""original_quantity"":""6""}",,
,Nursing Equipment,asset,Nursing Inventory,asset_group,NURSING-EQUIPMENT-0073,Mayo curved scissor,Mayo curved scissor,,available,7,pcs,,,"{""source_file"":""INVENTORY _ 26 EQUIPMENTS.docx"",""source_files"":[""INVENTORY _ 26 EQUIPMENTS.docx""],""original_quantity"":""7""}",,
,Nursing Equipment,asset,Nursing Inventory,asset_group,NURSING-EQUIPMENT-0074,P ercussion hammer,P ercussion hammer,,available,14,piece,CSSD,,"{""source_file"":""INVENTORY _ 26 EQUIPMENTS.docx"",""source_files"":[""INVENTORY _ 26 EQUIPMENTS.docx""],""raw_remarks"":[""In good condition""],""original_quantity"":""14""}",,
,Nursing Equipment,asset,Nursing Inventory,asset_group,NURSING-EQUIPMENT-0075,Instrumental tray,"Small, stainless",,available,4,piece,CSSD,,"{""source_file"":""INVENTORY _ 26 EQUIPMENTS.docx"",""source_files"":[""INVENTORY _ 26 EQUIPMENTS.docx""],""raw_remarks"":[""In good condition""],""original_quantity"":""4""}",,
,Nursing Equipment,asset,Nursing Inventory,asset_group,NURSING-EQUIPMENT-0076,Kelly pad,"Red, rubber",,maintenance,10,Each,,,"{""source_file"":""INVENTORY _ 26 EQUIPMENTS.docx"",""source_files"":[""INVENTORY _ 26 EQUIPMENTS.docx""],""raw_remarks"":[""Old/ worn out""],""original_quantity"":""10""}",,
,Nursing Equipment,asset,Nursing Inventory,asset_group,NURSING-EQUIPMENT-0077,Orthopedic Rack,Orthopedic Rack,,maintenance,1,Each,Ortho suite,,"{""source_file"":""INVENTORY _ 26 EQUIPMENTS.docx"",""source_files"":[""INVENTORY _ 26 EQUIPMENTS.docx""],""raw_remarks"":[""old""],""original_quantity"":""1""}",,
,Nursing Equipment,asset,Nursing Inventory,asset_group,NURSING-EQUIPMENT-0078,Laryngoscope,Battery operated,,available,4,Each,CSSD,,"{""source_file"":""INVENTORY _ 26 EQUIPMENTS.docx"",""source_files"":[""INVENTORY _ 26 EQUIPMENTS.docx""],""raw_remarks"":[""functioning""],""original_quantity"":""4""}",,
,Nursing Equipment,asset,Nursing Inventory,asset_group,NURSING-EQUIPMENT-0079,Otoscope,Battery operated,,available,10,Each,CSSD,,"{""source_file"":""INVENTORY _ 26 EQUIPMENTS.docx"",""source_files"":[""INVENTORY _ 26 EQUIPMENTS.docx""],""raw_remarks"":[""Functioning""],""original_quantity"":""10""}",,
,Nursing Equipment,asset,Nursing Inventory,asset_group,NURSING-EQUIPMENT-0080,Oxygen Tank w/ trolley,Medium size,,available,4,Each,GS 401,,"{""source_file"":""INVENTORY _ 26 EQUIPMENTS.docx"",""source_files"":[""INVENTORY _ 26 EQUIPMENTS.docx""],""raw_remarks"":[""Functioning""],""original_quantity"":""4""}",,
,Nursing Equipment,asset,Nursing Inventory,asset_group,NURSING-EQUIPMENT-0081,Incentive Spirometer,plastic,,available,12,Each,CSSD,,"{""source_file"":""INVENTORY _ 26 EQUIPMENTS.docx"",""source_files"":[""INVENTORY _ 26 EQUIPMENTS.docx""],""raw_remarks"":[""Functioning""],""original_quantity"":""12""}",,
,Nursing Equipment,asset,Nursing Inventory,asset_group,NURSING-EQUIPMENT-0082,Intubation set,stainless,,available,6,Set,CSSD,,"{""source_file"":""INVENTORY _ 26 EQUIPMENTS.docx"",""source_files"":[""INVENTORY _ 26 EQUIPMENTS.docx""],""raw_remarks"":[""Functioning""],""original_quantity"":""6""}",,
,Nursing Equipment,asset,Nursing Inventory,asset_group,NURSING-EQUIPMENT-0083,Pulse Oximeter,"INMED,Oxywatch , KingMed",,available,49,each,CSSD,,"{""source_file"":""INVENTORY _ 26 EQUIPMENTS.docx"",""source_files"":[""INVENTORY _ 26 EQUIPMENTS.docx""],""raw_remarks"":[""Functioning""],""original_quantity"":""49""}",,
,Nursing Equipment,asset,Nursing Inventory,asset_group,NURSING-EQUIPMENT-0084,Thermometer,Thermometer,,available,5,each,CSSD,,"{""source_file"":""INVENTORY _ 26 EQUIPMENTS.docx"",""source_files"":[""INVENTORY _ 26 EQUIPMENTS.docx""],""raw_remarks"":[""Functioning""],""original_quantity"":""5""}",,
,Nursing Equipment,asset,Nursing Inventory,asset_group,NURSING-EQUIPMENT-0085,Resuscitation ( pedia ),Partners,,available,4,Set,CSSD,,"{""source_file"":""INVENTORY _ 26 EQUIPMENTS.docx"",""source_files"":[""INVENTORY _ 26 EQUIPMENTS.docx""],""raw_remarks"":[""Parts are missing""],""original_quantity"":""4""}",,
,Nursing Equipment,asset,Nursing Inventory,asset_group,NURSING-EQUIPMENT-0086,Resuscitation ( adult ),partners,,available,5,set,CSSD,,"{""source_file"":""INVENTORY _ 26 EQUIPMENTS.docx"",""source_files"":[""INVENTORY _ 26 EQUIPMENTS.docx""],""raw_remarks"":[""Parts are missing""],""original_quantity"":""5""}",,
,Nursing Equipment,asset,Nursing Inventory,asset_group,NURSING-EQUIPMENT-0087,Tray(plastic) white,Tray(plastic) white,,available,27,units,CSSD,,"{""source_file"":""INVENTORY _ 26 EQUIPMENTS.docx"",""source_files"":[""INVENTORY _ 26 EQUIPMENTS.docx""],""raw_remarks"":[""new""],""original_quantity"":""27""}",,
,Nursing Equipment,asset,Nursing Inventory,asset_group,NURSING-EQUIPMENT-0088,Stethoscope (dual head),black,,available,19,Pcs,CSSD,,"{""source_file"":""INVENTORY _ 26 EQUIPMENTS.docx"",""source_files"":[""INVENTORY _ 26 EQUIPMENTS.docx""],""raw_remarks"":[""Functioning""],""original_quantity"":""19""}",,
,Nursing Equipment,asset,Nursing Inventory,asset_group,NURSING-EQUIPMENT-0089,Stethoscope,"Black,gray ,pink",,available,12,Pcs,CSSD,,"{""source_file"":""INVENTORY _ 26 EQUIPMENTS.docx"",""source_files"":[""INVENTORY _ 26 EQUIPMENTS.docx""],""raw_remarks"":[""Functioning""],""original_quantity"":""12""}",,
,Nursing Equipment,asset,Nursing Inventory,asset_group,NURSING-EQUIPMENT-0090,Tray,stainless,,available,2,Pcs,CSSD,,"{""source_file"":""INVENTORY _ 26 EQUIPMENTS.docx"",""source_files"":[""INVENTORY _ 26 EQUIPMENTS.docx""],""raw_remarks"":[""In good condition""],""original_quantity"":""2""}",,
,Nursing Equipment,asset,Nursing Inventory,asset_group,NURSING-EQUIPMENT-0091,Walker,"Black, gray",,available,4,each,ORTHO suite/GS 401,,"{""source_file"":""INVENTORY _ 26 EQUIPMENTS.docx"",""source_files"":[""INVENTORY _ 26 EQUIPMENTS.docx""],""raw_remarks"":[""In good condition""],""original_quantity"":""4/4""}",,
,Nursing Equipment,asset,Nursing Inventory,asset_group,NURSING-EQUIPMENT-0092,Patient’s bed,Metal/wood,,maintenance,11,unit,"GS 402,403,404,405, 406,407",,"{""source_file"":""INVENTORY _ 26 EQUIPMENTS.docx"",""source_files"":[""INVENTORY _ 26 EQUIPMENTS.docx""],""raw_remarks"":[""Too old /parts destroyed""],""original_quantity"":""11""}",,
,Nursing Equipment,asset,Nursing Inventory,asset_group,NURSING-EQUIPMENT-0093,Ortho bed,metal,,maintenance,2,unit,"GS 401, 406",,"{""source_file"":""INVENTORY _ 26 EQUIPMENTS.docx"",""source_files"":[""INVENTORY _ 26 EQUIPMENTS.docx""],""raw_remarks"":[""Old""],""original_quantity"":""2""}",,
,Nursing Equipment,asset,Nursing Inventory,asset_group,NURSING-EQUIPMENT-0094,wheelchair,Blue/black,,available,10,unit,"ER, Demo room, maternity suite, GS 407",,"{""source_file"":""INVENTORY _ 26 EQUIPMENTS.docx"",""source_files"":[""INVENTORY _ 26 EQUIPMENTS.docx""],""raw_remarks"":[""Foot rests difficult to assemble""],""original_quantity"":""10""}",,
,Nursing Consumables,asset,Nursing Inventory,asset_group,NURSING-CONSUMABLES-0001,Microset,Fujikawa,,available,200,pieces,CSSD,,"{""source_file"":""INVENTORY _26 CONSUMABLES.docx"",""source_files"":[""INVENTORY _26 CONSUMABLES.docx""],""raw_remarks"":[""In stock""],""original_quantity"":""200""}",2026-02-02,
,Nursing Consumables,asset,Nursing Inventory,asset_group,NURSING-CONSUMABLES-0002,macroset,Fujikawa,,available,200,Pieces,CSSD,,"{""source_file"":""INVENTORY _26 CONSUMABLES.docx"",""source_files"":[""INVENTORY _26 CONSUMABLES.docx""],""raw_remarks"":[""In stock""],""original_quantity"":""200""}",2026-02-02,
,Nursing Consumables,asset,Nursing Inventory,asset_group,NURSING-CONSUMABLES-0003,Green cloth 18’x18,Cotton cloth,,available,24,pcs,Linen room,,"{""source_file"":""INVENTORY _26 CONSUMABLES.docx"",""source_files"":[""INVENTORY _26 CONSUMABLES.docx""],""raw_remarks"":[""In stock""],""original_quantity"":""24""}",2025-12-09,
,Nursing Consumables,asset,Nursing Inventory,asset_group,NURSING-CONSUMABLES-0004,White cloth 45’x45’,Cotton cloth,,available,24,pcs,Linen room,,"{""source_file"":""INVENTORY _26 CONSUMABLES.docx"",""source_files"":[""INVENTORY _26 CONSUMABLES.docx""],""raw_remarks"":[""In stock""],""original_quantity"":""24""}",2025-12-09,
,Nursing Consumables,asset,Nursing Inventory,asset_group,NURSING-CONSUMABLES-0005,Baby shampoo,White dove,,available,6,bot,CSSD,,"{""source_file"":""INVENTORY _26 CONSUMABLES.docx"",""source_files"":[""INVENTORY _26 CONSUMABLES.docx""],""raw_remarks"":[""In stock""],""original_quantity"":""6""}",2025-12-09,
,Nursing Consumables,asset,Nursing Inventory,asset_group,NURSING-CONSUMABLES-0006,safeguard,safeguard,,available,30,small,CSSD,,"{""source_file"":""INVENTORY _26 CONSUMABLES.docx"",""source_files"":[""INVENTORY _26 CONSUMABLES.docx""],""raw_remarks"":[""In stock""],""original_quantity"":""30""}",2025-12-09,
,Nursing Consumables,asset,Nursing Inventory,asset_group,NURSING-CONSUMABLES-0007,Colostomy bag,Colostomy bag,,available,1,Case,CSSD,,"{""source_file"":""INVENTORY _26 CONSUMABLES.docx"",""source_files"":[""INVENTORY _26 CONSUMABLES.docx""],""raw_remarks"":[""In stock""],""original_quantity"":""1""}",2025-09-29,
,Nursing Consumables,asset,Nursing Inventory,asset_group,NURSING-CONSUMABLES-0008,Gauze pad 4x4,Partners / S urg i-G uard,,available,1,Case,CSSD,,"{""source_file"":""INVENTORY _26 CONSUMABLES.docx"",""source_files"":[""INVENTORY _26 CONSUMABLES.docx""],""raw_remarks"":[""In stock""],""original_quantity"":""1""}",2025-09-23,
,Nursing Consumables,asset,Nursing Inventory,asset_group,NURSING-CONSUMABLES-0009,Gloves (medium),Glomed/Micro super gloves,,available,5,Case,CSSD,,"{""source_file"":""INVENTORY _26 CONSUMABLES.docx"",""source_files"":[""INVENTORY _26 CONSUMABLES.docx""],""raw_remarks"":[""In stock""],""original_quantity"":""5""}",2025-09-23,
,Nursing Consumables,asset,Nursing Inventory,asset_group,NURSING-CONSUMABLES-0010,Gloves (large),Glomed/Micro super gloves,,available,10,Case,CSSD,,"{""source_file"":""INVENTORY _26 CONSUMABLES.docx"",""source_files"":[""INVENTORY _26 CONSUMABLES.docx""],""raw_remarks"":[""In stock""],""original_quantity"":""10""}",2025-09-23,
,Nursing Consumables,asset,Nursing Inventory,asset_group,NURSING-CONSUMABLES-0011,Gloves # 7(sterile),GLOMED,,available,80,Case,CSSD,,"{""source_file"":""INVENTORY _26 CONSUMABLES.docx"",""source_files"":[""INVENTORY _26 CONSUMABLES.docx""],""raw_remarks"":[""In stock""],""original_quantity"":""80""}",2025-09-23,
,Nursing Consumables,asset,Nursing Inventory,asset_group,NURSING-CONSUMABLES-0012,Gloves # 7 1/2 (sterile),GLOMED,,available,80,Case,CSSD,,"{""source_file"":""INVENTORY _26 CONSUMABLES.docx"",""source_files"":[""INVENTORY _26 CONSUMABLES.docx""],""raw_remarks"":[""In stock""],""original_quantity"":""80""}",2025-09-23,
,Nursing Consumables,asset,Nursing Inventory,asset_group,NURSING-CONSUMABLES-0013,Gloves # 8 (sterile),GLOMED,,available,32,box,CSSD,,"{""source_file"":""INVENTORY _26 CONSUMABLES.docx"",""source_files"":[""INVENTORY _26 CONSUMABLES.docx""],""raw_remarks"":[""In stock""],""original_quantity"":""32""}",2025-09-23,
,Nursing Consumables,asset,Nursing Inventory,asset_group,NURSING-CONSUMABLES-0014,burette 150ml,burette 150ml,,available,2,box,CSSD,,"{""source_file"":""INVENTORY _26 CONSUMABLES.docx"",""source_files"":[""INVENTORY _26 CONSUMABLES.docx""],""raw_remarks"":[""In stock""],""original_quantity"":""2""}",2025-09-23,
,Nursing Consumables,asset,Nursing Inventory,asset_group,NURSING-CONSUMABLES-0015,Sharp bin disposal,Yellow bin,,available,24,piece,CSSD,,"{""source_file"":""INVENTORY _26 CONSUMABLES.docx"",""source_files"":[""INVENTORY _26 CONSUMABLES.docx""],""raw_remarks"":[""In stock""],""original_quantity"":""24""}",2025-09-23,
,Nursing Consumables,asset,Nursing Inventory,asset_group,NURSING-CONSUMABLES-0016,D5% LR 1L,I.V. fluids,,available,1,case,CSSD,,"{""source_file"":""INVENTORY _26 CONSUMABLES.docx"",""source_files"":[""INVENTORY _26 CONSUMABLES.docx""],""raw_remarks"":[""In stock""],""original_quantity"":""1""}",2025-09-23,
,Nursing Consumables,asset,Nursing Inventory,asset_group,NURSING-CONSUMABLES-0017,Diaper ( Adult),Higene,,available,2,pack,CSSD,,"{""source_file"":""INVENTORY _26 CONSUMABLES.docx"",""source_files"":[""INVENTORY _26 CONSUMABLES.docx""],""raw_remarks"":[""In stock""],""original_quantity"":""2""}",2025-09-23,
,Nursing Consumables,asset,Nursing Inventory,asset_group,NURSING-CONSUMABLES-0018,Colostomy bag,Surgitech,,available,1,case,CSSD,,"{""source_file"":""INVENTORY _26 CONSUMABLES.docx"",""source_files"":[""INVENTORY _26 CONSUMABLES.docx""],""raw_remarks"":[""In stock""],""original_quantity"":""1""}",2025-09-29,
,Nursing Consumables,asset,Nursing Inventory,asset_group,NURSING-CONSUMABLES-0019,Drape Disposable,ORMED,,available,2,pack,CSSD,,"{""source_file"":""INVENTORY _26 CONSUMABLES.docx"",""source_files"":[""INVENTORY _26 CONSUMABLES.docx""],""raw_remarks"":[""In stock""],""original_quantity"":""2""}",2025-09-23,
,Nursing Consumables,asset,Nursing Inventory,asset_group,NURSING-CONSUMABLES-0020,Povidone swabstick,Povidone swabstick,,available,10,box,CSSD,,"{""source_file"":""INVENTORY _26 CONSUMABLES.docx"",""source_files"":[""INVENTORY _26 CONSUMABLES.docx""],""raw_remarks"":[""In stock""],""original_quantity"":""10""}",2025-09-23,
,Nursing Consumables,asset,Nursing Inventory,asset_group,NURSING-CONSUMABLES-0021,0.9% Na Chloride 500ml,I.V. fluids,,available,5,case,CSSD,,"{""source_file"":""INVENTORY _26 CONSUMABLES.docx"",""source_files"":[""INVENTORY _26 CONSUMABLES.docx""],""raw_remarks"":[""In stock""],""original_quantity"":""5""}",2025-09-23,
,Nursing Consumables,asset,Nursing Inventory,asset_group,NURSING-CONSUMABLES-0022,Sodium Chloride 1000ml,I.V. fluids,,available,4,case,CSSD,,"{""source_file"":""INVENTORY _26 CONSUMABLES.docx"",""source_files"":[""INVENTORY _26 CONSUMABLES.docx""],""raw_remarks"":[""In stock""],""original_quantity"":""4""}",2025-09-23,
,Nursing Consumables,asset,Nursing Inventory,asset_group,NURSING-CONSUMABLES-0023,Plain LR 1L,I.V. fluids,,available,4,case,CSSD,,"{""source_file"":""INVENTORY _26 CONSUMABLES.docx"",""source_files"":[""INVENTORY _26 CONSUMABLES.docx""],""raw_remarks"":[""In stock""],""original_quantity"":""4""}",2025-09-23,
,Nursing Consumables,asset,Nursing Inventory,asset_group,NURSING-CONSUMABLES-0024,0.9% Na Chloride 500ml,0.9% Na Chloride 500ml,,available,5,case,CSSD,,"{""source_file"":""INVENTORY _26 CONSUMABLES.docx"",""source_files"":[""INVENTORY _26 CONSUMABLES.docx""],""raw_remarks"":[""In stock""],""original_quantity"":""5""}",2025-09-23,
,Nursing Consumables,asset,Nursing Inventory,asset_group,NURSING-CONSUMABLES-0025,NSS 1L,I.V. fluids,,available,4,Case,CSSD,,"{""source_file"":""INVENTORY _26 CONSUMABLES.docx"",""source_files"":[""INVENTORY _26 CONSUMABLES.docx""],""raw_remarks"":[""In stock""],""original_quantity"":""4""}",2025-09-23,
,Nursing Consumables,asset,Nursing Inventory,asset_group,NURSING-CONSUMABLES-0026,Surgical tape,Prohealth care/partners,,available,23,box,CSSD,,"{""source_file"":""INVENTORY _26 CONSUMABLES.docx"",""source_files"":[""INVENTORY _26 CONSUMABLES.docx""],""raw_remarks"":[""In stock""],""original_quantity"":""23""}",,
,Nursing Consumables,asset,Nursing Inventory,asset_group,NURSING-CONSUMABLES-0027,le u koplast,Tape,,available,2,box,CSSD,,"{""source_file"":""INVENTORY _26 CONSUMABLES.docx"",""source_files"":[""INVENTORY _26 CONSUMABLES.docx""],""raw_remarks"":[""In stock""],""original_quantity"":""2""}",,
,Nursing Consumables,asset,Nursing Inventory,asset_group,NURSING-CONSUMABLES-0028,Underpads/Incopad,Partners,,available,40,Pack,CSSD,,"{""source_file"":""INVENTORY _26 CONSUMABLES.docx"",""source_files"":[""INVENTORY _26 CONSUMABLES.docx""],""raw_remarks"":[""In stock""],""original_quantity"":""40""}",2025-09-23,
,Nursing Consumables,asset,Nursing Inventory,asset_group,NURSING-CONSUMABLES-0029,Insulin syringe,Surgitech,,available,12,box,CSSD,,"{""source_file"":""INVENTORY _26 CONSUMABLES.docx"",""source_files"":[""INVENTORY _26 CONSUMABLES.docx""],""raw_remarks"":[""In stock""],""original_quantity"":""12""}",2025-09-23,
,Nursing Consumables,asset,Nursing Inventory,asset_group,NURSING-CONSUMABLES-0030,Kidney basin plastic/ green,plastic,,available,46,each,CSSD,,"{""source_file"":""INVENTORY _26 CONSUMABLES.docx"",""source_files"":[""INVENTORY _26 CONSUMABLES.docx""],""raw_remarks"":[""In stock""],""original_quantity"":""46/32(new)""}",2025-09-23,
,Nursing Consumables,asset,Nursing Inventory,asset_group,NURSING-CONSUMABLES-0031,Kidney basin plastic/ blue,plastic,,available,5,units,CSSD,,"{""source_file"":""INVENTORY _26 CONSUMABLES.docx"",""source_files"":[""INVENTORY _26 CONSUMABLES.docx""],""raw_remarks"":[""In stock""],""original_quantity"":""5""}",2025-09-23,
,Nursing Consumables,asset,Nursing Inventory,asset_group,NURSING-CONSUMABLES-0032,Battery(AAA),Energizer,,available,6,Pcs,CSSD,,"{""source_file"":""INVENTORY _26 CONSUMABLES.docx"",""source_files"":[""INVENTORY _26 CONSUMABLES.docx""],""raw_remarks"":[""In stock""],""original_quantity"":""6""}",2025-06-01,
,Nursing Consumables,asset,Nursing Inventory,asset_group,NURSING-CONSUMABLES-0033,Blood Transfusion set,Blood Transfusion set,,available,250,Pcs,CSSD,,"{""source_file"":""INVENTORY _26 CONSUMABLES.docx"",""source_files"":[""INVENTORY _26 CONSUMABLES.docx""],""raw_remarks"":[""In stock""],""original_quantity"":""250""}",2024-06-25,
,Nursing Consumables,asset,Nursing Inventory,asset_group,NURSING-CONSUMABLES-0034,Blood Transfusion bag,Indoplas,,available,100,pcs,CSSD,,"{""source_file"":""INVENTORY _26 CONSUMABLES.docx"",""source_files"":[""INVENTORY _26 CONSUMABLES.docx""],""raw_remarks"":[""In stock""],""original_quantity"":""100""}",2024-06-25,
,Nursing Consumables,asset,Nursing Inventory,asset_group,NURSING-CONSUMABLES-0035,Betadine solution 30ml,Betadine solution 30ml,,available,7,bottle,CSSD,,"{""source_file"":""INVENTORY _26 CONSUMABLES.docx"",""source_files"":[""INVENTORY _26 CONSUMABLES.docx""],""raw_remarks"":[""In stock""],""original_quantity"":""7""}",2024-06-25,
,Nursing Consumables,asset,Nursing Inventory,asset_group,NURSING-CONSUMABLES-0036,Cannula G# 18,Pol yflon,,available,1,Box,CSSD,,"{""source_file"":""INVENTORY _26 CONSUMABLES.docx"",""source_files"":[""INVENTORY _26 CONSUMABLES.docx""],""raw_remarks"":[""In stock""],""original_quantity"":""1""}",2024-06-25,
,Nursing Consumables,asset,Nursing Inventory,asset_group,NURSING-CONSUMABLES-0037,Cannula G# 20,Polyflon,,available,1,Box,CSSD,,"{""source_file"":""INVENTORY _26 CONSUMABLES.docx"",""source_files"":[""INVENTORY _26 CONSUMABLES.docx""],""raw_remarks"":[""In stock""],""original_quantity"":""1""}",2024-06-25,
,Nursing Consumables,asset,Nursing Inventory,asset_group,NURSING-CONSUMABLES-0038,Hot/ Cold compress(disposable),Surgitech,,available,18,pack,CSSD,,"{""source_file"":""INVENTORY _26 CONSUMABLES.docx"",""source_files"":[""INVENTORY _26 CONSUMABLES.docx""],""raw_remarks"":[""In stock""],""original_quantity"":""18""}",2024-06-25,
,Nursing Consumables,asset,Nursing Inventory,asset_group,NURSING-CONSUMABLES-0039,Cotton balls,Tender soft,,available,22,300balls/ 120grams,CSSD,,"{""source_file"":""INVENTORY _26 CONSUMABLES.docx"",""source_files"":[""INVENTORY _26 CONSUMABLES.docx""],""raw_remarks"":[""In Stock""],""original_quantity"":""22""}",2024-06-25,
,Nursing Consumables,asset,Nursing Inventory,asset_group,NURSING-CONSUMABLES-0040,Cotton tip applicator,Partners,,available,2,Box,CSSD,,"{""source_file"":""INVENTORY _26 CONSUMABLES.docx"",""source_files"":[""INVENTORY _26 CONSUMABLES.docx""],""raw_remarks"":[""In stock""],""original_quantity"":""2""}",2024-06-25,
,Nursing Consumables,asset,Nursing Inventory,asset_group,NURSING-CONSUMABLES-0041,Glucostrips 25’s,Advan,,available,9,bottle,CSSD,,"{""source_file"":""INVENTORY _26 CONSUMABLES.docx"",""source_files"":[""INVENTORY _26 CONSUMABLES.docx""],""raw_remarks"":[""In stock""],""original_quantity"":""9""}",,
,Nursing Consumables,asset,Nursing Inventory,asset_group,NURSING-CONSUMABLES-0042,Oxygen cannula (adult),Surgitech,,available,35,pcs,CSSD,,"{""source_file"":""INVENTORY _26 CONSUMABLES.docx"",""source_files"":[""INVENTORY _26 CONSUMABLES.docx""],""raw_remarks"":[""In stock""],""original_quantity"":""35""}",2024-01-12,
,Nursing Consumables,asset,Nursing Inventory,asset_group,NURSING-CONSUMABLES-0043,Oxygen Mask,Surgitech,,available,45,Pcs,CSSD,,"{""source_file"":""INVENTORY _26 CONSUMABLES.docx"",""source_files"":[""INVENTORY _26 CONSUMABLES.docx""],""raw_remarks"":[""In stock""],""original_quantity"":""45""}",2024-06-25,
,Nursing Consumables,asset,Nursing Inventory,asset_group,NURSING-CONSUMABLES-0044,Oxygen Cannula( Peds),Surgitech,,available,18,Pcs,CSSD,,"{""source_file"":""INVENTORY _26 CONSUMABLES.docx"",""source_files"":[""INVENTORY _26 CONSUMABLES.docx""],""raw_remarks"":[""In stock""],""original_quantity"":""18""}",2024-06-25,
,Nursing Consumables,asset,Nursing Inventory,asset_group,NURSING-CONSUMABLES-0045,Portable 12 lead ECG,Portable 12 lead ECG,,available,2,pack,CSSD,,"{""source_file"":""INVENTORY _26 CONSUMABLES.docx"",""source_files"":[""INVENTORY _26 CONSUMABLES.docx""],""raw_remarks"":[""In stock""],""original_quantity"":""2""}",2024-03-14,
,Nursing Consumables,asset,Nursing Inventory,asset_group,NURSING-CONSUMABLES-0046,Surgical scissors,Surgical scissors,,available,8,pcs,CSSD,,"{""source_file"":""INVENTORY _26 CONSUMABLES.docx"",""source_files"":[""INVENTORY _26 CONSUMABLES.docx""],""raw_remarks"":[""In stock""],""original_quantity"":""8""}",2024-06-25,
,Nursing Consumables,asset,Nursing Inventory,asset_group,NURSING-CONSUMABLES-0047,Tracheostomy mask,Vertex,,available,90,pcs,CSSD,,"{""source_file"":""INVENTORY _26 CONSUMABLES.docx"",""source_files"":[""INVENTORY _26 CONSUMABLES.docx""],""raw_remarks"":[""In stock""],""original_quantity"":""90""}",2024-06-25,
,Nursing Consumables,asset,Nursing Inventory,asset_group,NURSING-CONSUMABLES-0048,Tracheostomy set tube/Shiley,Shiley,,available,10,set,CSSD,,"{""source_file"":""INVENTORY _26 CONSUMABLES.docx"",""source_files"":[""INVENTORY _26 CONSUMABLES.docx""],""raw_remarks"":[""In stock""],""original_quantity"":""10""}",2024-06-25,
,Nursing Consumables,asset,Nursing Inventory,asset_group,NURSING-CONSUMABLES-0049,Sterile water 50ml,Euromed,,available,2,case,CSSD,,"{""source_file"":""INVENTORY _26 CONSUMABLES.docx"",""source_files"":[""INVENTORY _26 CONSUMABLES.docx""],""raw_remarks"":[""In stock""],""original_quantity"":""2""}",2024-01-11,
,Nursing Consumables,asset,Nursing Inventory,asset_group,NURSING-CONSUMABLES-0050,Transpore tape,Partners,,available,12,box,CSSD,,"{""source_file"":""INVENTORY _26 CONSUMABLES.docx"",""source_files"":[""INVENTORY _26 CONSUMABLES.docx""],""raw_remarks"":[""In stock""],""original_quantity"":""12""}",2024-01-12,
,Nursing Consumables,asset,Nursing Inventory,asset_group,NURSING-CONSUMABLES-0051,Tongue depressor,Topcare,,available,26,Box,CSSD,,"{""source_file"":""INVENTORY _26 CONSUMABLES.docx"",""source_files"":[""INVENTORY _26 CONSUMABLES.docx""],""raw_remarks"":[""In stock""],""original_quantity"":""26""}",2024-01-11,
,Nursing Consumables,asset,Nursing Inventory,asset_group,NURSING-CONSUMABLES-0052,Needle G21,Terum o,,available,6,box,CSSD,,"{""source_file"":""INVENTORY _26 CONSUMABLES.docx"",""source_files"":[""INVENTORY _26 CONSUMABLES.docx""],""raw_remarks"":[""In stock""],""original_quantity"":""6""}",2023-12-14,
,Nursing Consumables,asset,Nursing Inventory,asset_group,NURSING-CONSUMABLES-0053,Needle G22,Terumo,,available,6,box,CSSD,,"{""source_file"":""INVENTORY _26 CONSUMABLES.docx"",""source_files"":[""INVENTORY _26 CONSUMABLES.docx""],""raw_remarks"":[""In stock""],""original_quantity"":""6""}",2023-12-14,
,Nursing Consumables,asset,Nursing Inventory,asset_group,NURSING-CONSUMABLES-0054,Needle G23,Terumo,,available,6,box,CSSD,,"{""source_file"":""INVENTORY _26 CONSUMABLES.docx"",""source_files"":[""INVENTORY _26 CONSUMABLES.docx""],""raw_remarks"":[""In stock""],""original_quantity"":""6""}",2023-12-14,
,Nursing Consumables,asset,Nursing Inventory,asset_group,NURSING-CONSUMABLES-0055,Medicine cups,Medicine cups,,available,44,pcs.,CSSD,,"{""source_file"":""INVENTORY _26 CONSUMABLES.docx"",""source_files"":[""INVENTORY _26 CONSUMABLES.docx""],""raw_remarks"":[""In stock""],""original_quantity"":""44""}",2023-12-11,
,Nursing Consumables,asset,Nursing Inventory,asset_group,NURSING-CONSUMABLES-0056,Nasogastric Tube # 12,Nasogastric Tube # 12,,available,1,Box,CSSD,,"{""source_file"":""INVENTORY _26 CONSUMABLES.docx"",""source_files"":[""INVENTORY _26 CONSUMABLES.docx""],""raw_remarks"":[""In stock""],""original_quantity"":""1""}",2023-12-11,
,Nursing Consumables,asset,Nursing Inventory,asset_group,NURSING-CONSUMABLES-0057,Nasogastric Tube #14,Nasogastric Tube #14,,available,2,pcs,CSSD,,"{""source_file"":""INVENTORY _26 CONSUMABLES.docx"",""source_files"":[""INVENTORY _26 CONSUMABLES.docx""],""raw_remarks"":[""In stock""],""original_quantity"":""2""}",2023-12-11,
,Nursing Consumables,asset,Nursing Inventory,asset_group,NURSING-CONSUMABLES-0058,Portable divider,Portable divider,,maintenance,3,set,CSSD,,"{""source_file"":""INVENTORY _26 CONSUMABLES.docx"",""source_files"":[""INVENTORY _26 CONSUMABLES.docx""],""raw_remarks"":[""Old/worn out""],""original_quantity"":""3""}",2023-11-18,
,Nursing Consumables,asset,Nursing Inventory,asset_group,NURSING-CONSUMABLES-0059,Suctioning tube #12,Surgitech,,available,1,Box/50pcs,CSSD,,"{""source_file"":""INVENTORY _26 CONSUMABLES.docx"",""source_files"":[""INVENTORY _26 CONSUMABLES.docx""],""raw_remarks"":[""In stock""],""original_quantity"":""1 0""}",2023-12-11,
,Nursing Consumables,asset,Nursing Inventory,asset_group,NURSING-CONSUMABLES-0060,Suctioning tube #14,Surgitech,,available,4,Box/50pcs,CSSD,,"{""source_file"":""INVENTORY _26 CONSUMABLES.docx"",""source_files"":[""INVENTORY _26 CONSUMABLES.docx""],""raw_remarks"":[""In stock""],""original_quantity"":""4""}",2023-12-11,
,Nursing Consumables,asset,Nursing Inventory,asset_group,NURSING-CONSUMABLES-0061,Suctioning tube #16,Surgitech,,available,10,Box/50pcs,CSSD,,"{""source_file"":""INVENTORY _26 CONSUMABLES.docx"",""source_files"":[""INVENTORY _26 CONSUMABLES.docx""],""raw_remarks"":[""In stock""],""original_quantity"":""10""}",2023-12-11,
,Nursing Consumables,asset,Nursing Inventory,asset_group,NURSING-CONSUMABLES-0062,Suctioning tube #1 4,Topcare,,available,7,Box/pcs,CSSD,,"{""source_file"":""INVENTORY _26 CONSUMABLES.docx"",""source_files"":[""INVENTORY _26 CONSUMABLES.docx""],""raw_remarks"":[""In stock""],""original_quantity"":""7""}",2023-12-11,
,Nursing Consumables,asset,Nursing Inventory,asset_group,NURSING-CONSUMABLES-0063,Suctioning tube #18,Topcare,,available,10,Box/pcs,CSSD,,"{""source_file"":""INVENTORY _26 CONSUMABLES.docx"",""source_files"":[""INVENTORY _26 CONSUMABLES.docx""],""raw_remarks"":[""In stock""],""original_quantity"":""10""}",2023-12-11,
,Nursing Consumables,asset,Nursing Inventory,asset_group,NURSING-CONSUMABLES-0064,Swadle blanket,cloth,,available,1,unit,CSSD,,"{""source_file"":""INVENTORY _26 CONSUMABLES.docx"",""source_files"":[""INVENTORY _26 CONSUMABLES.docx""]}",,
,Nursing Consumables,asset,Nursing Inventory,asset_group,NURSING-CONSUMABLES-0065,Lubricating Jelly,Partners,,available,23,tubes,CSSD,,"{""source_file"":""INVENTORY _26 CONSUMABLES.docx"",""source_files"":[""INVENTORY _26 CONSUMABLES.docx""],""raw_remarks"":[""In stock""],""original_quantity"":""23""}",2023-12-11,
,Nursing Consumables,asset,Nursing Inventory,asset_group,NURSING-CONSUMABLES-0066,Asepto syringe 60cc,Asepto syringe 60cc,,available,1,unit,CSSD,,"{""source_file"":""INVENTORY _26 CONSUMABLES.docx"",""source_files"":[""INVENTORY _26 CONSUMABLES.docx""],""raw_remarks"":[""In stock""]}",2023-12-14,
,Nursing Consumables,asset,Nursing Inventory,asset_group,NURSING-CONSUMABLES-0067,Transgel (250ml),Orex,,available,11,bottle,CSSD,,"{""source_file"":""INVENTORY _26 CONSUMABLES.docx"",""source_files"":[""INVENTORY _26 CONSUMABLES.docx""],""raw_remarks"":[""In stock""],""original_quantity"":""11""}",2023-11-18,
,Nursing Consumables,asset,Nursing Inventory,asset_group,NURSING-CONSUMABLES-0068,Stylet for intubation,Stylet for intubation,,available,1,unit,CSSD,,"{""source_file"":""INVENTORY _26 CONSUMABLES.docx"",""source_files"":[""INVENTORY _26 CONSUMABLES.docx""]}",,
,Nursing Consumables,asset,Nursing Inventory,asset_group,NURSING-CONSUMABLES-0069,Hamper,"Brown, plastic",,available,1,pcs,,,"{""source_file"":""INVENTORY _26 CONSUMABLES.docx"",""source_files"":[""INVENTORY _26 CONSUMABLES.docx""],""raw_remarks"":[""In good condition""]}",2023-10-20,
,Nursing Consumables,asset,Nursing Inventory,asset_group,NURSING-CONSUMABLES-0070,Baby dolls,Plastic,,available,13,units,CSSD/NICCS,,"{""source_file"":""INVENTORY _26 CONSUMABLES.docx"",""source_files"":[""INVENTORY _26 CONSUMABLES.docx""],""raw_remarks"":[""In good condition""],""original_quantity"":""13""}",,
,Nursing Consumables,asset,Nursing Inventory,asset_group,NURSING-CONSUMABLES-0071,Thermal paper,Thermal paper,,available,6,rolls,CSSD,,"{""source_file"":""INVENTORY _26 CONSUMABLES.docx"",""source_files"":[""INVENTORY _26 CONSUMABLES.docx""],""raw_remarks"":[""In stock""],""original_quantity"":""6""}",,
,Nursing Consumables,asset,Nursing Inventory,asset_group,NURSING-CONSUMABLES-0072,Thermometer,Thermometer,,available,5,each,CSSD,,"{""source_file"":""INVENTORY _26 CONSUMABLES.docx"",""source_files"":[""INVENTORY _26 CONSUMABLES.docx""],""original_quantity"":""5""}",,
,Nursing Consumables,asset,Nursing Inventory,asset_group,NURSING-CONSUMABLES-0073,Disposable OR cap,blue,,available,30,pcs,CSSD,,"{""source_file"":""INVENTORY _26 CONSUMABLES.docx"",""source_files"":[""INVENTORY _26 CONSUMABLES.docx""],""raw_remarks"":[""In stock""],""original_quantity"":""30""}",,
,Nursing Consumables,asset,Nursing Inventory,asset_group,NURSING-CONSUMABLES-0074,Disposable shoe cover,blue,,available,1,case,CSSD,,"{""source_file"":""INVENTORY _26 CONSUMABLES.docx"",""source_files"":[""INVENTORY _26 CONSUMABLES.docx""],""raw_remarks"":[""In stock""],""original_quantity"":""1""}",,
,Nursing Consumables,asset,Nursing Inventory,asset_group,NURSING-CONSUMABLES-0075,Restraints/cloth,cloth,,available,6,pairs,CSSD,,"{""source_file"":""INVENTORY _26 CONSUMABLES.docx"",""source_files"":[""INVENTORY _26 CONSUMABLES.docx""],""raw_remarks"":[""In stock""],""original_quantity"":""6""}",,
,Nursing Consumables,asset,Nursing Inventory,asset_group,NURSING-CONSUMABLES-0076,Lubricating jelly,unimax,,available,1,tube,CSSD,,"{""source_file"":""INVENTORY _26 CONSUMABLES.docx"",""source_files"":[""INVENTORY _26 CONSUMABLES.docx""],""raw_remarks"":[""In stock""],""original_quantity"":""1""}",,
,Nursing Consumables,asset,Nursing Inventory,asset_group,NURSING-CONSUMABLES-0077,Batteries type C,Eveready,,available,4,pcs,CSSD,,"{""source_file"":""INVENTORY _26 CONSUMABLES.docx"",""source_files"":[""INVENTORY _26 CONSUMABLES.docx""],""raw_remarks"":[""In stock""],""original_quantity"":""4""}",,
,Nursing Consumables,asset,Nursing Inventory,asset_group,NURSING-CONSUMABLES-0078,Diaper(newborn),EQ,,available,27,packs,CSSD,,"{""source_file"":""INVENTORY _26 CONSUMABLES.docx"",""source_files"":[""INVENTORY _26 CONSUMABLES.docx""],""raw_remarks"":[""In stock""],""original_quantity"":""27""}",,
,Nursing Consumables,asset,Nursing Inventory,asset_group,NURSING-CONSUMABLES-0079,Diaper (small),EQ,,available,6,packs,CSSD,,"{""source_file"":""INVENTORY _26 CONSUMABLES.docx"",""source_files"":[""INVENTORY _26 CONSUMABLES.docx""],""raw_remarks"":[""In stock""],""original_quantity"":""6""}",,
,Nursing Consumables,asset,Nursing Inventory,asset_group,NURSING-CONSUMABLES-0080,Diaper(medium),EQ,,available,27,packs,CSSD,,"{""source_file"":""INVENTORY _26 CONSUMABLES.docx"",""source_files"":[""INVENTORY _26 CONSUMABLES.docx""],""raw_remarks"":[""In stock""],""original_quantity"":""27""}",,
,Nursing Consumables,asset,Nursing Inventory,asset_group,NURSING-CONSUMABLES-0081,Diaper (large),EQ,,available,6,packs,CSSD,,"{""source_file"":""INVENTORY _26 CONSUMABLES.docx"",""source_files"":[""INVENTORY _26 CONSUMABLES.docx""],""raw_remarks"":[""In stock""],""original_quantity"":""6""}",,
,Nursing Consumables,asset,Nursing Inventory,asset_group,NURSING-CONSUMABLES-0082,Baby dress / short sleeve,White Cotton cloth,,available,16,units,Linen room,,"{""source_file"":""INVENTORY _26 CONSUMABLES.docx"",""source_files"":[""INVENTORY _26 CONSUMABLES.docx""],""raw_remarks"":[""In stock""],""original_quantity"":""16""}",,
,Nursing Consumables,asset,Nursing Inventory,asset_group,NURSING-CONSUMABLES-0083,Baby dress /sleeveless,White Cotton Cloth,,available,30,units,Linen room,,"{""source_file"":""INVENTORY _26 CONSUMABLES.docx"",""source_files"":[""INVENTORY _26 CONSUMABLES.docx""],""raw_remarks"":[""In stock""],""original_quantity"":""30""}",,
,Nursing Consumables,asset,Nursing Inventory,asset_group,NURSING-CONSUMABLES-0084,Baby's Bib,C otton Cloth /diff. colors,,available,24,units,Linen room,,"{""source_file"":""INVENTORY _26 CONSUMABLES.docx"",""source_files"":[""INVENTORY _26 CONSUMABLES.docx""],""raw_remarks"":[""In stock""],""original_quantity"":""24""}",,
,Nursing Consumables,asset,Nursing Inventory,asset_group,NURSING-CONSUMABLES-0085,Linen Area,Linen Area,,available,1,Blanket :,,,"{""source_file"":""INVENTORY _26 CONSUMABLES.docx"",""source_files"":[""INVENTORY _26 CONSUMABLES.docx""],""raw_remarks"":[""In stock""]}",,
,Nursing Consumables,asset,Nursing Inventory,asset_group,NURSING-CONSUMABLES-0086,Checkered,Cotton Cloth,,available,14,Pcs,,,"{""source_file"":""INVENTORY _26 CONSUMABLES.docx"",""source_files"":[""INVENTORY _26 CONSUMABLES.docx""],""original_quantity"":""14""}",,
,Nursing Consumables,asset,Nursing Inventory,asset_group,NURSING-CONSUMABLES-0087,white,Cotton Cloth,,available,7,Pcs,,,"{""source_file"":""INVENTORY _26 CONSUMABLES.docx"",""source_files"":[""INVENTORY _26 CONSUMABLES.docx""],""original_quantity"":""7""}",,
,Nursing Consumables,asset,Nursing Inventory,asset_group,NURSING-CONSUMABLES-0088,green,Cotton cloth,,available,4,Pcs,,,"{""source_file"":""INVENTORY _26 CONSUMABLES.docx"",""source_files"":[""INVENTORY _26 CONSUMABLES.docx""],""original_quantity"":""4""}",,
,Nursing Consumables,asset,Nursing Inventory,asset_group,NURSING-CONSUMABLES-0089,Bonnet,cotton cloth,,available,21,Pcs,Linen Area,,"{""source_file"":""INVENTORY _26 CONSUMABLES.docx"",""source_files"":[""INVENTORY _26 CONSUMABLES.docx""],""raw_remarks"":[""In stock""],""original_quantity"":""21""}",,
,Nursing Consumables,asset,Nursing Inventory,asset_group,NURSING-CONSUMABLES-0090,Booties( infants),C otton cloth,,available,1,pair,Linen Area,,"{""source_file"":""INVENTORY _26 CONSUMABLES.docx"",""source_files"":[""INVENTORY _26 CONSUMABLES.docx""],""raw_remarks"":[""In stock""]}",,
,Nursing Consumables,asset,Nursing Inventory,asset_group,NURSING-CONSUMABLES-0091,bed sheets:,Cotton cloth,,available,1,piece s,Linen Area,,"{""source_file"":""INVENTORY _26 CONSUMABLES.docx"",""source_files"":[""INVENTORY _26 CONSUMABLES.docx""],""raw_remarks"":[""In stock""]}",,
,Nursing Consumables,asset,Nursing Inventory,asset_group,NURSING-CONSUMABLES-0092,Green,Cotton Cloth,,available,18,units,,,"{""source_file"":""INVENTORY _26 CONSUMABLES.docx"",""source_files"":[""INVENTORY _26 CONSUMABLES.docx""],""original_quantity"":""18""}",,
,Nursing Consumables,asset,Nursing Inventory,asset_group,NURSING-CONSUMABLES-0093,Orange,Cotton cloth,,available,22,units,,,"{""source_file"":""INVENTORY _26 CONSUMABLES.docx"",""source_files"":[""INVENTORY _26 CONSUMABLES.docx""],""original_quantity"":""22""}",,
,Nursing Consumables,asset,Nursing Inventory,asset_group,NURSING-CONSUMABLES-0094,white,Cotton cloth,,available,24,units,,,"{""source_file"":""INVENTORY _26 CONSUMABLES.docx"",""source_files"":[""INVENTORY _26 CONSUMABLES.docx""],""original_quantity"":""24""}",,
,Nursing Consumables,asset,Nursing Inventory,asset_group,NURSING-CONSUMABLES-0095,Top sheet:,Top sheet:,,available,1,pieces,Linen Area,,"{""source_file"":""INVENTORY _26 CONSUMABLES.docx"",""source_files"":[""INVENTORY _26 CONSUMABLES.docx""],""raw_remarks"":[""In stock""]}",,
,Nursing Consumables,asset,Nursing Inventory,asset_group,NURSING-CONSUMABLES-0096,Green,Cotton cloth,,available,11,units,,,"{""source_file"":""INVENTORY _26 CONSUMABLES.docx"",""source_files"":[""INVENTORY _26 CONSUMABLES.docx""],""original_quantity"":""11""}",,
,Nursing Consumables,asset,Nursing Inventory,asset_group,NURSING-CONSUMABLES-0097,Orange,Cotton cloth,,available,27,units,,,"{""source_file"":""INVENTORY _26 CONSUMABLES.docx"",""source_files"":[""INVENTORY _26 CONSUMABLES.docx""],""original_quantity"":""27""}",,
,Nursing Consumables,asset,Nursing Inventory,asset_group,NURSING-CONSUMABLES-0098,white,Cotton cloth,,available,3,units,,,"{""source_file"":""INVENTORY _26 CONSUMABLES.docx"",""source_files"":[""INVENTORY _26 CONSUMABLES.docx""],""original_quantity"":""3""}",,
,Nursing Consumables,asset,Nursing Inventory,asset_group,NURSING-CONSUMABLES-0099,Linen Area,Linen Area,,available,1,Curtain:,,,"{""source_file"":""INVENTORY _26 CONSUMABLES.docx"",""source_files"":[""INVENTORY _26 CONSUMABLES.docx""],""raw_remarks"":[""In stock""]}",,
,Nursing Consumables,asset,Nursing Inventory,asset_group,NURSING-CONSUMABLES-0100,Floral white,Cotton cloth,,available,43,Pcs,,,"{""source_file"":""INVENTORY _26 CONSUMABLES.docx"",""source_files"":[""INVENTORY _26 CONSUMABLES.docx""],""original_quantity"":""43""}",,
,Nursing Consumables,asset,Nursing Inventory,asset_group,NURSING-CONSUMABLES-0101,Floral green,Cotton cloth,,available,24,Pcs,,,"{""source_file"":""INVENTORY _26 CONSUMABLES.docx"",""source_files"":[""INVENTORY _26 CONSUMABLES.docx""],""original_quantity"":""24""}",,
,Nursing Consumables,asset,Nursing Inventory,asset_group,NURSING-CONSUMABLES-0102,yellow,Cotton cloth,,available,49,Pcs,,,"{""source_file"":""INVENTORY _26 CONSUMABLES.docx"",""source_files"":[""INVENTORY _26 CONSUMABLES.docx""],""original_quantity"":""49""}",,
,Nursing Consumables,asset,Nursing Inventory,asset_group,NURSING-CONSUMABLES-0103,green,Cotton cloth,,available,79,Pcs,,,"{""source_file"":""INVENTORY _26 CONSUMABLES.docx"",""source_files"":[""INVENTORY _26 CONSUMABLES.docx""],""original_quantity"":""79""}",,
,Nursing Consumables,asset,Nursing Inventory,asset_group,NURSING-CONSUMABLES-0104,Curtain tie,Cotton cloth,,maintenance,6,pcs,Linen Area,,"{""source_file"":""INVENTORY _26 CONSUMABLES.docx"",""source_files"":[""INVENTORY _26 CONSUMABLES.docx""],""raw_remarks"":[""In stock/old""],""original_quantity"":""6""}",,
,Nursing Consumables,asset,Nursing Inventory,asset_group,NURSING-CONSUMABLES-0105,Franela blanket,Cotton cloth,,available,27,Pcs,Linen Area,,"{""source_file"":""INVENTORY _26 CONSUMABLES.docx"",""source_files"":[""INVENTORY _26 CONSUMABLES.docx""],""raw_remarks"":[""In stock""],""original_quantity"":""27""}",,
,Nursing Consumables,asset,Nursing Inventory,asset_group,NURSING-CONSUMABLES-0106,Mittens (infant),Cotton cloth,,available,1,unit,,,"{""source_file"":""INVENTORY _26 CONSUMABLES.docx"",""source_files"":[""INVENTORY _26 CONSUMABLES.docx""],""raw_remarks"":[""In stock""]}",,
,Nursing Consumables,asset,Nursing Inventory,asset_group,NURSING-CONSUMABLES-0107,Linen room,Linen room,,available,1,Newborn baby clothes :,,,"{""source_file"":""INVENTORY _26 CONSUMABLES.docx"",""source_files"":[""INVENTORY _26 CONSUMABLES.docx""],""raw_remarks"":[""new""]}",,
,Nursing Consumables,asset,Nursing Inventory,asset_group,NURSING-CONSUMABLES-0108,Blue,Cotton cloth,,available,12,Set,,,"{""source_file"":""INVENTORY _26 CONSUMABLES.docx"",""source_files"":[""INVENTORY _26 CONSUMABLES.docx""],""original_quantity"":""12""}",,
,Nursing Consumables,asset,Nursing Inventory,asset_group,NURSING-CONSUMABLES-0109,pink,Cotton cloth,,available,15,set,,,"{""source_file"":""INVENTORY _26 CONSUMABLES.docx"",""source_files"":[""INVENTORY _26 CONSUMABLES.docx""],""original_quantity"":""15""}",,
,Nursing Consumables,asset,Nursing Inventory,asset_group,NURSING-CONSUMABLES-0110,OR Linen,Cotton cloth,,available,1,unit,Linen room,,"{""source_file"":""INVENTORY _26 CONSUMABLES.docx"",""source_files"":[""INVENTORY _26 CONSUMABLES.docx""],""raw_remarks"":[""In stock""]}",,
,Nursing Consumables,asset,Nursing Inventory,asset_group,NURSING-CONSUMABLES-0111,Linen room,Linen room,,available,1,Patient’s gown:,,,"{""source_file"":""INVENTORY _26 CONSUMABLES.docx"",""source_files"":[""INVENTORY _26 CONSUMABLES.docx""],""raw_remarks"":[""In stock""]}",,
,Nursing Consumables,asset,Nursing Inventory,asset_group,NURSING-CONSUMABLES-0112,Green,Cotton cloth,,available,9,Each,,,"{""source_file"":""INVENTORY _26 CONSUMABLES.docx"",""source_files"":[""INVENTORY _26 CONSUMABLES.docx""],""original_quantity"":""9""}",,
,Nursing Consumables,asset,Nursing Inventory,asset_group,NURSING-CONSUMABLES-0113,Blue,Cotton cloth,,available,15,Each,,,"{""source_file"":""INVENTORY _26 CONSUMABLES.docx"",""source_files"":[""INVENTORY _26 CONSUMABLES.docx""],""original_quantity"":""15""}",,
,Nursing Consumables,asset,Nursing Inventory,asset_group,NURSING-CONSUMABLES-0114,orange,Cotton cloth,,available,3,each,,,"{""source_file"":""INVENTORY _26 CONSUMABLES.docx"",""source_files"":[""INVENTORY _26 CONSUMABLES.docx""],""original_quantity"":""3""}",,
,Nursing Consumables,asset,Nursing Inventory,asset_group,NURSING-CONSUMABLES-0115,OR gown:,OR gown:,,available,1,unit,Linen Room,,"{""source_file"":""INVENTORY _26 CONSUMABLES.docx"",""source_files"":[""INVENTORY _26 CONSUMABLES.docx""],""raw_remarks"":[""In good condition""]}",,
,Nursing Consumables,asset,Nursing Inventory,asset_group,NURSING-CONSUMABLES-0116,Green,Cotton cloth,,available,5,Pcs,,,"{""source_file"":""INVENTORY _26 CONSUMABLES.docx"",""source_files"":[""INVENTORY _26 CONSUMABLES.docx""],""original_quantity"":""5""}",,
,Nursing Consumables,asset,Nursing Inventory,asset_group,NURSING-CONSUMABLES-0117,blue,Cotton cloth,,available,2,Pcs,,,"{""source_file"":""INVENTORY _26 CONSUMABLES.docx"",""source_files"":[""INVENTORY _26 CONSUMABLES.docx""],""original_quantity"":""2""}",,
,Nursing Consumables,asset,Nursing Inventory,asset_group,NURSING-CONSUMABLES-0118,Linen Room,Linen Room,,available,1,Towel (big):,,,"{""source_file"":""INVENTORY _26 CONSUMABLES.docx"",""source_files"":[""INVENTORY _26 CONSUMABLES.docx""],""raw_remarks"":[""In stock""]}",,
,Nursing Consumables,asset,Nursing Inventory,asset_group,NURSING-CONSUMABLES-0119,Peach,Cotton cloth,,available,4,Pcs,,,"{""source_file"":""INVENTORY _26 CONSUMABLES.docx"",""source_files"":[""INVENTORY _26 CONSUMABLES.docx""],""original_quantity"":""4""}",,
,Nursing Consumables,asset,Nursing Inventory,asset_group,NURSING-CONSUMABLES-0120,Blue/green,Cotton cloth,,available,8,Pcs,,,"{""source_file"":""INVENTORY _26 CONSUMABLES.docx"",""source_files"":[""INVENTORY _26 CONSUMABLES.docx""],""original_quantity"":""8""}",,
,Nursing Consumables,asset,Nursing Inventory,asset_group,NURSING-CONSUMABLES-0121,Blue,Cotton cloth,,available,1,Pcs,,,"{""source_file"":""INVENTORY _26 CONSUMABLES.docx"",""source_files"":[""INVENTORY _26 CONSUMABLES.docx""],""original_quantity"":""1""}",,
,Nursing Consumables,asset,Nursing Inventory,asset_group,NURSING-CONSUMABLES-0122,green,Cotton cloth,,available,2,pcs,,,"{""source_file"":""INVENTORY _26 CONSUMABLES.docx"",""source_files"":[""INVENTORY _26 CONSUMABLES.docx""],""original_quantity"":""2""}",,
,Nursing Consumables,asset,Nursing Inventory,asset_group,NURSING-CONSUMABLES-0123,colored,Cotton cloth,,available,3,pcs,,,"{""source_file"":""INVENTORY _26 CONSUMABLES.docx"",""source_files"":[""INVENTORY _26 CONSUMABLES.docx""],""original_quantity"":""3""}",,
,Nursing Consumables,asset,Nursing Inventory,asset_group,NURSING-CONSUMABLES-0124,Towel (small/colored),Towel (small/colored),,available,49,pcs,Linen Room,,"{""source_file"":""INVENTORY _26 CONSUMABLES.docx"",""source_files"":[""INVENTORY _26 CONSUMABLES.docx""],""raw_remarks"":[""In stock""],""original_quantity"":""49""}",,
,Nursing Consumables,asset,Nursing Inventory,asset_group,NURSING-CONSUMABLES-0125,Linen Room,Linen Room,,available,1,Pillowcase:,,,"{""source_file"":""INVENTORY _26 CONSUMABLES.docx"",""source_files"":[""INVENTORY _26 CONSUMABLES.docx""],""raw_remarks"":[""In stock""]}",,
,Nursing Consumables,asset,Nursing Inventory,asset_group,NURSING-CONSUMABLES-0126,orange,Cotton cloth,,available,14,Pcs,,,"{""source_file"":""INVENTORY _26 CONSUMABLES.docx"",""source_files"":[""INVENTORY _26 CONSUMABLES.docx""],""original_quantity"":""14""}",,
,Nursing Consumables,asset,Nursing Inventory,asset_group,NURSING-CONSUMABLES-0127,green,Cotton cloth,,available,78,pcs,,,"{""source_file"":""INVENTORY _26 CONSUMABLES.docx"",""source_files"":[""INVENTORY _26 CONSUMABLES.docx""],""original_quantity"":""78""}",,
,Nursing Consumables,asset,Nursing Inventory,asset_group,NURSING-CONSUMABLES-0128,Penlight,Battery operated (AAA),,available,23,each,CSSD,,"{""source_file"":""INVENTORY _26 CONSUMABLES.docx"",""source_files"":[""INVENTORY _26 CONSUMABLES.docx""],""raw_remarks"":[""In stock""],""original_quantity"":""23""}",,
,Nursing Consumables,asset,Nursing Inventory,asset_group,NURSING-CONSUMABLES-0129,Torniquet,"Blue, rubber",,available,44,pcs,CSSD,,"{""source_file"":""INVENTORY _26 CONSUMABLES.docx"",""source_files"":[""INVENTORY _26 CONSUMABLES.docx""],""raw_remarks"":[""In stock""],""original_quantity"":""44""}",,
,Nursing Consumables,asset,Nursing Inventory,asset_group,NURSING-CONSUMABLES-0130,Syringe 20ml,Terumo,,available,1,box,CSSD,,"{""source_file"":""INVENTORY _26 CONSUMABLES.docx"",""source_files"":[""INVENTORY _26 CONSUMABLES.docx""],""raw_remarks"":[""In stock""],""original_quantity"":""1""}",,
,Nursing Consumables,asset,Nursing Inventory,asset_group,NURSING-CONSUMABLES-0131,Syringe 50ml,Terumo,,available,3,box,CSSD,,"{""source_file"":""INVENTORY _26 CONSUMABLES.docx"",""source_files"":[""INVENTORY _26 CONSUMABLES.docx""],""raw_remarks"":[""In stock""],""original_quantity"":""3""}",,
,Nursing Consumables,asset,Nursing Inventory,asset_group,NURSING-CONSUMABLES-0132,Snelen chart,Snelen chart,,maintenance,10,units,GS 401,,"{""source_file"":""INVENTORY _26 CONSUMABLES.docx"",""source_files"":[""INVENTORY _26 CONSUMABLES.docx""],""raw_remarks"":[""In stock/some are worn out, old""],""original_quantity"":""10""}",,
,Nursing Consumables,asset,Nursing Inventory,asset_group,NURSING-CONSUMABLES-0133,VHS Player,VHS Player,,maintenance,1,unit,,,"{""source_file"":""INVENTORY _26 CONSUMABLES.docx"",""source_files"":[""INVENTORY _26 CONSUMABLES.docx""],""raw_remarks"":[""In stock/ old""]}",,
,Nursing Manikins,asset,Nursing Inventory,asset_group,NURSING-MANIKINS-0002,Baby dolls,Baby dolls,,available,15,Each,CSSD,,"{""source_file"":""INVENTORY_26 MANEKINS.docx"",""source_files"":[""INVENTORY_26 MANEKINS.docx""],""raw_remarks"":[""New""],""original_quantity"":""15""}",2026-01-22,
,Nursing Manikins,asset,Nursing Inventory,asset_group,NURSING-MANIKINS-0003,Male and female catheter,Gaumard,,maintenance,4,Unit,ICU,,"{""source_file"":""INVENTORY_26 MANEKINS.docx"",""source_files"":[""INVENTORY_26 MANEKINS.docx""],""raw_remarks"":[""old""],""original_quantity"":""4""}",,
,Nursing Manikins,asset,Nursing Inventory,asset_group,NURSING-MANIKINS-0004,Simulator Ann,Zammeds,,available,1,U nit,Demo room 1,,"{""source_file"":""INVENTORY_26 MANEKINS.docx"",""source_files"":[""INVENTORY_26 MANEKINS.docx""],""raw_remarks"":[""In good condition""],""original_quantity"":""1""}",2025-02-19,
,Nursing Manikins,asset,Nursing Inventory,asset_group,NURSING-MANIKINS-0005,Advance IV Arm training ( l),Advance IV Arm training ( l),,available,1,Unit,ICU,,"{""source_file"":""INVENTORY_26 MANEKINS.docx"",""source_files"":[""INVENTORY_26 MANEKINS.docx""],""raw_remarks"":[""In good condition""],""original_quantity"":""1""}",2024-03-14,
,Nursing Manikins,asset,Nursing Inventory,asset_group,NURSING-MANIKINS-0006,Advance IV Arm training ( r),Advance IV Arm training ( r),,available,1,Unit,ICU,,"{""source_file"":""INVENTORY_26 MANEKINS.docx"",""source_files"":[""INVENTORY_26 MANEKINS.docx""],""raw_remarks"":[""In good condition""],""original_quantity"":""1""}",2024-03-14,
,Nursing Manikins,asset,Nursing Inventory,asset_group,NURSING-MANIKINS-0007,Breast examination model,With nodules,,available,2,P air,GS 401,,"{""source_file"":""INVENTORY_26 MANEKINS.docx"",""source_files"":[""INVENTORY_26 MANEKINS.docx""],""raw_remarks"":[""In good condition""],""original_quantity"":""2""}",2024-03-14,
,Nursing Manikins,asset,Nursing Inventory,asset_group,NURSING-MANIKINS-0008,Simulator Noelle,Gaumard,,maintenance,2,Unit,Maternity ward,,"{""source_file"":""INVENTORY_26 MANEKINS.docx"",""source_files"":[""INVENTORY_26 MANEKINS.docx""],""raw_remarks"":[""1 birthing canal is worn out .""],""original_quantity"":""2""}",,
,Nursing Manikins,asset,Nursing Inventory,asset_group,NURSING-MANIKINS-0009,Code blue manekin ( Adult),Half body,,available,1,Unit,GS 401,,"{""source_file"":""INVENTORY_26 MANEKINS.docx"",""source_files"":[""INVENTORY_26 MANEKINS.docx""],""raw_remarks"":[""In good condition""],""original_quantity"":""1""}",2023-02-01,
,Nursing Manikins,asset,Nursing Inventory,asset_group,NURSING-MANIKINS-0010,Code blue manekin ( Pedia ),For code blue skills,,available,1,Unit,GS 401,,"{""source_file"":""INVENTORY_26 MANEKINS.docx"",""source_files"":[""INVENTORY_26 MANEKINS.docx""],""raw_remarks"":[""In good condition""],""original_quantity"":""1""}",2023-02-01,
,Nursing Manikins,asset,Nursing Inventory,asset_group,NURSING-MANIKINS-0011,Head Manekin,For suctioning,,available,2,U nit,CSSD,,"{""source_file"":""INVENTORY_26 MANEKINS.docx"",""source_files"":[""INVENTORY_26 MANEKINS.docx""],""raw_remarks"":[""In good condition""],""original_quantity"":""2""}",,
,Nursing Manikins,asset,Nursing Inventory,asset_group,NURSING-MANIKINS-0012,Half body manekin,For code blue training/ ECG monitoring,,available,1,Unit,ICU,,"{""source_file"":""INVENTORY_26 MANEKINS.docx"",""source_files"":[""INVENTORY_26 MANEKINS.docx""],""raw_remarks"":[""In good condition""],""original_quantity"":""1""}",,
,Nursing Medicines,asset,Nursing Inventory,asset_group,NURSING-MEDICINES-0001,Hemobas,Hemobas,,available,9,amp,,,"{""source_file"":""INVENTORY_26 MEDICINES.docx"",""source_files"":[""INVENTORY_26 MEDICINES.docx""],""original_quantity"":""9""}",,
,Nursing Medicines,asset,Nursing Inventory,asset_group,NURSING-MEDICINES-0002,Trance,Trance,,available,60,amp,,,"{""source_file"":""INVENTORY_26 MEDICINES.docx"",""source_files"":[""INVENTORY_26 MEDICINES.docx""],""original_quantity"":""60""}",,
,Nursing Medicines,asset,Nursing Inventory,asset_group,NURSING-MEDICINES-0003,Phytocare,Phytocare,,available,170,amp,,,"{""source_file"":""INVENTORY_26 MEDICINES.docx"",""source_files"":[""INVENTORY_26 MEDICINES.docx""],""original_quantity"":""170""}",,
,Nursing Medicines,asset,Nursing Inventory,asset_group,NURSING-MEDICINES-0004,Liferzin,Liferzin,,available,20,vials,,,"{""source_file"":""INVENTORY_26 MEDICINES.docx"",""source_files"":[""INVENTORY_26 MEDICINES.docx""],""original_quantity"":""20""}",,
,Nursing Medicines,asset,Nursing Inventory,asset_group,NURSING-MEDICINES-0005,Cefazolin,Cefazolin,,available,15,vial,,,"{""source_file"":""INVENTORY_26 MEDICINES.docx"",""source_files"":[""INVENTORY_26 MEDICINES.docx""],""original_quantity"":""15"",""expiry_text"":""10/26""}",,2026-10-01
,Nursing Medicines,asset,Nursing Inventory,asset_group,NURSING-MEDICINES-0006,Erythromycin,Erythromycin,,available,199,tube,,,"{""source_file"":""INVENTORY_26 MEDICINES.docx"",""source_files"":[""INVENTORY_26 MEDICINES.docx""],""original_quantity"":""199"",""expiry_text"":""2/25""}",,2025-02-01
,Nursing Medicines,asset,Nursing Inventory,asset_group,NURSING-MEDICINES-0007,Terramycin,Terramycin,,available,38,tube,,,"{""source_file"":""INVENTORY_26 MEDICINES.docx"",""source_files"":[""INVENTORY_26 MEDICINES.docx""],""original_quantity"":""38"",""expiry_text"":""2/22""}",,2022-02-01
,Nursing Medicines,asset,Nursing Inventory,asset_group,NURSING-MEDICINES-0008,Cefuroxime,Cefuroxime,,available,33,ampule,,,"{""source_file"":""INVENTORY_26 MEDICINES.docx"",""source_files"":[""INVENTORY_26 MEDICINES.docx""],""original_quantity"":""33"",""expiry_text"":""5/26""}",,2026-05-01
,Nursing Medicines,asset,Nursing Inventory,asset_group,NURSING-MEDICINES-0009,Ceftriaxone,Ceftriaxone,,available,8,vial,,,"{""source_file"":""INVENTORY_26 MEDICINES.docx"",""source_files"":[""INVENTORY_26 MEDICINES.docx""],""original_quantity"":""8"",""expiry_text"":""10/26""}",,2026-10-01
